Interval,Group ID,Question 1,Question 2,Cosine Similarity,Euclidean Distance,Combined Score,Predicted Answer,Actual Answer
1,SP-0,"Mr. and Mrs. Mustard have six daughters and each daughter has one brother. But there are only 9 people in the family, how is that possible?","The six daughters of Mr. and Mrs. Mustard each have one brother. However, the family only consists of nine people; how is that possible?",0.9473159313201904,0.8403294,0.10132292,Some daughters get married and have their own family.,Each daughter shares the same brother.
1,SP-2,"Samuel was out for a walk when it started to rain. He did not have an umbrella and he wasn't wearing a hat. His clothes were soaked, yet not a single hair on his head got wet. How could this happen?","Rain began to fall as Samuel was taking a stroll. He wasn't wearing a hat, and he didn't have an umbrella. Even though his clothes were completely drenched, not a single hair on his head was moist. How is this even possible?",0.9265284538269043,0.862942,0.09185383,This man is bald.,This man is bald.
1,SP-5,"Five apples are in a basket. How do you divide them among five girls so that each girl gets an apple, but one apple remains in the basket?","There are five apples in a basket. You distribute them among the five girls, giving each one an apple while leaving one apple in the basket. How is that even doable?",0.853233814239502,0.8255807,0.30400562,Give the fifth girl her apple in the basket.,Give the fifth girl her apple in the basket.
1,SP-6,Tom and his younger sister were fighting. Their mother was tired of the fighting and decided to punish them by making them stand on the same piece of newspaper in such a way that they couldn't touch each other. How did she accomplish this?,"Tom was arguing with his younger sister. Because of the fighting, their mother decided to have them stand on the same piece of newspaper so they couldn't touch each other as punishment. How did she manage to do this?",0.9468796849250793,0.75730646,0.23247789,"Tom's mother slid a newspaper under a door, each sibling standing on each side.","Tom's mother slid a newspaper under a door, each sibling standing on each side."
2,SP-7,"A horse is tied to a five-meter rope in front of an old saloon. Ten meters behind the horse is a bale of hay. Without breaking his rope, the horse is able to eat the hay whenever he chooses.
How is this possible?","In front of an old saloon, a horse is chained to a five-meter rope. Hay bale is ten meters behind the horse. The horse can eat the hay whenever he wants without severing his rope. How is that even possible?",0.9639842510223389,0.5791721,0.55143535,"The rope stretches proportionally, providing the extra length needed for the horse to reach the hay ten meters away.",The rope is not tied to anything else.
2,SP-8,"All of Mrs. Smith pets are dogs except one, and all her pets are cats except one. But Mrs.Smith only has 2 pets, how is that possible?","All but one of Mrs. Smith's pets are dogs, and all but one are cats. But how is it possible that Mrs. Smith only has two pets?",0.9296532273292542,0.6738784,0.41716582,Mrs.Smith has one additional pet that is neither a dog or a cat.,Mrs. Smith has one cat and one dog.
2,SP-9,"The 22nd and 24th presidents of the United States of America had the same parents, but were not brothers. How can this be possible?","Despite sharing the same parents, the 22nd and 24th presidents of the United States of America were not related. How is this even conceivable?",0.8852265477180481,0.7838945,0.22429927,They were the same man.,They were the same man.
2,SP-10,There were eight girls going to school. They were sharing one umbrella. How come all the girls did not get wet?,Eight girls attended the school. They were using the same umbrella. Why did none of the females get wet?,0.9292359352111816,0.7978367,0.2828915,The eight girls could have been sharing the umbrella at different times or taking turns using it.,Because it was not raining.
2,SP-11,A black dog stands in the middle of an intersection in a town painted black. None of the street lights are working due to a power failure caused by a storm. A car with two broken headlights drives towards the dog but turns in time to avoid hitting him. How could the driver have seen the dog in time?,"A town that has been painted black has a black dog standing in the midst of an intersection. Due to a storm-related power outage, none of the street lights are functioning. When a car with two broken headlights approaches the dog, it turns away in time to miss him. How was the dog able to be seen by the driver in time?",0.9319522380828857,0.7645661,0.2716333,"The broken headlights can emit a small amount of light, even if it's dim. ",It was during the daylight hours.
3,SP-12,On a fine sunny day a ship was in the harbor. All of a sudden the ship began to sink. There was no storm and nothing wrong with the ship yet it sank right in front of the spectators eyes. What caused the ship to sink?,The ship was in the harbor on a beautiful sunny day. The ship suddenly started to sink. The ship sank in front of the onlookers despite there being no storm or mechanical issue. What led to the ship's sinking?,0.889597475528717,0.94304335,0.12747622,There are too many fish around the ship.,It was a Submarine.
3,SP-13,"A man who lived on the top floor of a twenty story building had to go up and down daily for work, and of course, for food and the other necessities. On most days he could only ride the elevator to the fifteenth story, and he would have to walk the rest of the way. When it rained, however, he could ride all the way up to the twentieth story. Why?","A man who resided on the twenty-story building's top floor had to travel up and down each day for work, as well as for food and other requirements. He could only use the elevator up to the fifteenth story most days, after which he had to continue walking. However, he could ride all the way to the twentieth storey when it poured. Why?",0.9182184338569641,0.5449129,0.51719546,"The man wasn't tall enough to reach the button for the 20th floor. He could only reach the 15th story button on the elevator. When it rained, he brought his umbrella, and used it to press the 20th story button on the elevator.","The man wasn't tall enough to reach the button for the 20th floor. He could only reach the 15th story button on the elevator. When it rained, he brought his umbrella, and used it to press the 20th story button on the elevator."
3,SP-15,"Even if they are starving, natives living in the Arctic will never eat a penguin's egg. Why not?","Natives of the Arctic will never eat a penguin's egg, not even if they are starving. Exactly why not?",0.973027765750885,0.7154918,0.3640113,Penguins and their eggs are not part of their traditional or cultural diet.,Penguins only live in Antarctica.
3,SP-17,"There once was an evil wizard. He took 3 woman from their homes and turned them into rose bushes that looked exactly alike. He put them in his garden. One of the woman had a husband and children and begged the wizard to let her see them. He agreed. At night, he brought the woman to her house. In the morning he came and took her home. One day the husband decided to go rescue her. So he stuck into the wizard's garden. He looked and looked at the 3 identical rose bushes trying to figure out which could be his wife. Suddenly, he knew the answer and he took his wife home. How did he know which rose bush was his wife?","There was once a bad wizard. He abducted three women from their homes and transformed them into identical rose plants. They were placed in his garden. One of the women pleaded with the magician to allow her to see her husband and kids. He concurred. He took the woman to her home at night. He arrived early in the morning and drove her home. The spouse made the decision to go get her one day. He entered the wizard's garden as a result. He kept glancing at the three identical rose bushes, trying to determine which one might be his wife. He took his wife home as soon as he realized the solution. How did he recognize his wife among the rosebushes?",0.9093501567840576,0.775557,0.16223793,"The wizard brought the rosebush to her home at night and returned her to the garden in the morning. Therefore, she was the only plant without dew.","The wizard brought the rosebush to her home at night and returned her to the garden in the morning. Therefore, she was the only plant without dew."
3,SP-18,There are 3 apples for 2 sons and 2 fathers to eat. Each of them get their own apple. How is it numerically possible?,There are 3 apples available for 2 fathers and 2 boys to consume. They each receive a single apple. How is it a mathematical possibility?,0.9250766634941101,0.8822376,0.22842515,One father gave his apple to his son.,"They are one son, one father and one grandfather."
4,SP-20,"A man moved into a new house and decided he was tired after the journey and turned off all the lights and went to bed. The next morning he killed 365 people, he does not sleep walk he slept like a baby. How could this be?","After moving into a new home, a man decided that he was exhausted from the trip and turned out all the lights before retiring to bed. He did not sleepwalk the night before he killed 365 people; instead, he slept soundly. How is this possible?",0.8655224442481995,0.6085373,0.42225778,"The man could be a calendar maker. He accidentally excluding February 29th on a leap year's calendar before sleep. This ""killed"" the day for 365 people.",He lived in a light house.
4,SP-21,"Joe and Sally were sitting in their family room one night. While Joe was watching T.V, his wife Sally was reading. All of a sudden the power went out and Joe decided to go to bed, but Sally kept on reading. With no use of artificial light, Sally kept on reading. How?","One evening, Joe and Sally were relaxing in their family room. Sally, Joe's wife, was reading while he was watching television. The moment the electricity went out, Joe made the decision to retire to bed, but Sally continued to read. Sally carried on reading without using any artificial lighting. How?",0.9287257194519043,0.7476089,0.24495217,"Sally was blind, she was reading a book by Braille.","Sally was blind, she was reading a book by Braille."
4,SP-22,Two men were playing tennis. They played five sets and each man won three sets. How can this be possible?,The tennis match involved two men. Each man won three sets in the five that were played. How is this even conceivable?,0.8777989149093628,0.89047384,0.0709213,The two men were partners playing doubles.,The two men were partners playing doubles.
4,SP-23,"A simple peasant bought a number of camels and is taking them to his farm. As he rides contentedly along he counts them - he counts 29. He was sure he had bought 30 camel, so in alarm he jumps off his camel and counts the camels again. To his delight there are 30. Half an hour later, he counts his camels and once more there are just 29. Confused, he climbs off his camel and counts again. Once more there are 30. Can you explain?","A common peasant recently purchased many camels and is transporting them to his land. He counts them as he travels happily and finds that there are 29 of them. He leaps off his camel in fright after thinking he had purchased 30 camels and counts them once more. He is delighted to find 30. He counts his camels again thirty minutes later, and this time there are only 29. He dismounts his camel in confusion and counts once more. There are 30 once more. Can you elaborate?",0.9491201639175415,0.6788257,0.4406256,The peasant is mistakenly considering himself as one of the camels when he counts them.,When he is on the camel he omits to count it.
5,SP-25,"Brad started through the dirty sort-shared window on the 22nd floor of the office tower. Overcome with depression he slid the window open and jumped through it. It was a sheer drop outside the building to the ground. Miraculously after he landed he was completely uninjured. Since there was nothing to cushion his fall or slow his descent, how could he have survived the fall?","Brad began by entering the office tower's 22nd story through the filthy common window. He slid the window open and leapt through it after becoming depressed. Outside the building, there was a cliff-like drop to the ground. Amazingly, he came to rest entirely unharmed. How could he have survived the fall if there was nothing to slow or cushion his descent?",0.9437241554260254,0.8855041,0.14433342,The ground outside the building is wet.,"Brad was so sick and tired of window washing, he opened the window and jumped inside."
5,SP-26,A horse jumps over a tower and the tower disappears. It's not an illusion or a dream. So where could this happen?,"A tower is jumped over by a horse, and the tower vanishes. It's not a dream or an illusion. So where might this occur?",0.9241823554039001,0.90168285,0.11659339,On the moon.,On a chessboard.
5,SP-26,"A tower is jumped over by a horse, and the tower vanishes. It's not a dream or an illusion. So where might this occur?","A tower suddenly moves directly to another tower, and the tower hitted vanishes. It's not a dream or an illusion. So where might this occur? ",0.8749767541885376,0.8849478,0.13900137,On the moon.,On a chessboard.
5,SP-27,"Dorothy has never expressed suicidal thoughts, but whenever she experiences feelings of sadness or depression, she makes arrangements to travel to a very high spot that she has visited on numerous occasions. Once there, she proceeds to jump from that great height. The fascinating fact though is she has never been injured from this leap, and in fact, she tells everyone that she feels much better afterward. If she’s not suicidal, then what is going on here, and why has she never been injured, or even worse, died from her risky actions?","Although Dorothy has never stated suicide ideas, whenever she feels down or depressed, she makes plans to go to a very high location that she has frequented before. Once there, she makes the decision to jump from the enormous height. The amazing thing is that she has never experienced an injury as a result of her leap, and she even claims to feel much better afterwards. What is going on here, and why has she never been hurt or, worse still, killed as a result of her dangerous behavior, if she isn't suicidal?",0.9433481097221375,0.9324563,0.17062595,Dorothy is a sky jumper.,Dorothy is a sky jumper.
5,SP-28,"A certain large animal lives happily and thrives here on Earth. One day, every single one of these writers is wiped out by a mysterious disease that affects only this particular animal. There are none left anywhere on earth -- they are all gone. About a year or so later, they begin to reappear on Earth again. How can this be?","Here on Earth, a certain big animal prospers and lives happily. One day, a mystery disease that solely affects this unique species annihilates each and every one of these writers. They are all gone; there are none remaining everywhere on earth. They start to reappear on Earth again a year or so later. How is this possible?",0.9442003965377808,0.6355203,0.34482762,"The animal is the butterfly. During the pupal stage of their life cycle, butterflies are inside a protective casing, and it may appear as if they have completely disappeared or been wiped out.","The animal is the Mule. Since all Mules are born sterile, you can only get a Mule by crossing a donkey with a horse."
5,SP-29,"Four men were in a boat on the lake. The boat turns over, and all four men sink to the bottom of the lake, yet not a single man got wet! Why?","A boat on the lake included four men. All four men on the boat sink to the bottom of the lake when it flips over. However, not a single man gets wet! Why?",0.9585996270179749,0.7745025,0.29945296,"The lake was frozen, none of the men got wet despite sinking to the bottom.",Because they were all married and not single.
6,SP-31,"A horse travels a certain distance each day. Strangely enough, two of its legs travel 30 miles each day and the other two legs travel nearly 31 miles. It would seem that two of the horse's legs must be one mile ahead of the other two legs, but of course, this can't be true, since the horse is normal. How is this possible?","Every day, a horse covers a particular distance. Strangely, two of its legs cover 30 miles daily while the other two cover about 31 miles. Given that the horse is typical, it would seem that two of its legs must be a mile ahead of the other two. However, this is obviously not the case. How is that even possible?",0.9279836416244507,0.5471607,0.5397832,The horse operates a mill and travels in a circular clockwise direction. The two outside legs will travel a greater distance than the two inside legs.,The horse operates a mill and travels in a circular clockwise direction. The two outside legs will travel a greater distance than the two inside legs.
6,SP-32,"A man walking along a railroad track sees a train laundering at high speed towards him. Instead of immediately jumping off the track, he charges directly at the train for about ten feet and only then gets off the track. Why?",A train is approaching a man who is strolling down a railroad track quickly. He charges directly at the train for roughly 10 feet before finally jumping off the track instead of doing so right away. Why?,0.9371649026870728,0.6455242,0.43233865,"By moving towards the oncoming train, the man's brain interprets the change in distance and relative motion as a decrease in speed.",The man was on a bridge when he first saw the train so he couldn't jump off the track immediately.
6,SP-34,"There were 5 men traveling down a road and it started to rain and 4 men sped up, the 5th did not, but they all arrived at the same place at the same time but all of them were wet besides the 5th. How is that possible?","Five men were traveling down a road when it began to rain. Four of the guys sped up, but the fifth did not, but they all reached at the same location at the same time, and all but the fifth were wet. How is that even doable?",0.919079065322876,0.83198047,0.14771104,The 5th man walked slowly to dodge the raining.,He was dead and in a coffin.
6,SP-35,"Three men sitting in a small motorboat one meter from the shoreline. The first is afraid of water, the second is afraid of drowning, and the third is afraid of sharks. The boat's motor is not operational and there is nothing to row with. How do they get to the shoreline?","A small motorboat with three men inside is parked one meter from the shore. The first fears being submerged in water, the second fears drowning, and the third fears sharks. There is nothing to row with and the boat's motor is not working. How do they reach the coast?",0.9466568231582642,0.75882494,0.21927653,"They can wait until water level is high enough, they can safely step out onto the shoreline. ",They can just walk onto its as the boat is one-meter inland.
6,SP-36,"A father and son were in a car accident where the father was killed. The ambulance brought the son to the hospital. He needed immediate surgery. In the operating room, a doctor came in and looked at the little boy and said I can't operate on him he is my son. Why?","A car accident involving a father and son resulted in the death of the father. The son was transported to the hospital by ambulance. He required surgery right away. A doctor entered the operating room and said, ""I can't operate on him. He's my son."" after taking one look at the young patient. Why?",0.9069860577583313,0.7533426,0.2820953,The son has two fathers.,Because the doctor is the mother of the son.
7,SP-37,"A beggar's brother died, but the man who died had no brother. How could that be?","The brother of a beggar passed away, but the deceased had no brothers. How is that possible?",0.892652153968811,0.7872478,0.18158644,The man is angry for his brother being a beggar and cut ties with him.,The beggar was the man's sister.
7,SP-39,"How could a cowboy ride into town on Friday, stay two days, and ride out on Wednesday?","How was it possible for a cowboy to arrive in town on Friday, stay for two days, and leave on Wednesday?",0.8797865509986877,0.8286733,0.005297154,"While in town, he stays in bed for two days.",His horse is named Wednesday.
7,SP-40,"There are three doors. In each door is a way to die. The first door has fire and lava. The second door has lions that haven't eaten in 5 years. In the third door, there is a 1,000-foot drop into an alligator. Which door will you likely survive?","Three doors are present. Every door has a way to exit. The first door has lava and fire inside. Lions behind the second door haven't eaten in five years. There is a 1,000-foot drop into an alligator inside the third door. Which door will you probably get through?",0.8820872902870178,0.6672295,0.40838557,"The third door, the alligator can be tierd and won't eat people.",The second door with the lions. Since they haven't eaten in 5 years they will have died.
7,SP-41,"A plane crashed, and every single person on board this flight was killed, yet there were survivors. Explain how?","Despite the fact that the entire flight was lost in a plane crash and each single person is killed, there were survivors. Describe how?",0.8662749528884888,0.72758394,0.38031948,The survivors could refer to individuals who were not on the plane.,The married people lived and the singles died.
8,SP-43,One lady ordered a fast delivery pizza and her order came the next year. How is this possible?,"One woman placed a quick delivery pizza order, and it was delivered the following year. How is that even possible?",0.88847416639328,0.8337493,0.17146537,She ordered the pizza for New Year's Day.,She ordered the pizza for New Year's Day.
8,SP-44,"In Jamaica, if you drop a steel ball weighing five pounds from a height of 45 inches, it falls more rapidly through the water at 40 degrees Fahrenheit than water at 20 degrees Fahrenheit. How is that possible?",A five-pound steel ball will fall through water at 40 degrees Fahrenheit more quickly than water at 20 degrees Fahrenheit if it is dropped from a height of 45 inches in Jamaica. How is that even doable?,0.9370189905166626,0.56518173,0.49621016,The temperature of stell ball is more consistent with water in 40 degrees Fahrenheit.,At 20 degrees Fahrenheit the water would be ice.
8,SP-45,Danny was driving his semi under an overpass when suddenly he came to a screening halt. Danny wasn't paying enough attention and inadvertently drove under the overpass that was just barely as high as his truck. The semi was wedge so tightly that he could not go forward or backward. A fellow tracker came by and told him how he could easily get the semi out from under the bridge. What did he suggest?,"Danny had just passed under an overpass in his semi when he abruptly came to a stop. Danny accidentally drove under the overpass that was only just tall enough for his truck because he wasn't paying enough attention. He was unable to move forward or backward in the semi due to how tightly it was wedged. When another tracker passed by, he was told how simple it would be to remove the semi from underneath the bridge. What did he recommend?",0.9171774983406067,0.81106263,0.21430826,He told Danny to let some air out of his tires.,He told Danny to let some air out of his tires.
8,SP-46,"A boy had just gotten out of the shower and was getting ready for his prom, shaved and with cologne, and there would be an after-party. And his mom and dad said to be home for the next sunrise and he was home for the next sunrise but with a full-grown beard. How can this be?","A boy had just finished getting ready for his prom, shaving, applying cologne, and there would be an after-party. His parents had told him to be home for the next sunrise, but he arrived with a full-grown beard instead. How is this possible?",0.8973287343978882,0.9336508,0.010536939,His beard grows in an amazing speed.,He lives in Alaska and sunrise are every six months.
8,SP-48,Why is it so cold on Christmas?,Why is Christmas Day so chilly?,0.9355185031890869,0.99201304,0.06315011,Because it's in December.,Because it's in December.
9,SP-49,"Wednesday,Tom and Joe went to a restaurant and ate dinner. When they were done they paid and left. Tom and Joe didn't pay. Who did?","Wednesday, Tom and Joe had dinner at a restaurant. After finishing, they paid and departed. Joe and Tom don't have to pay. Who paid the bill?",0.9183782935142517,0.6251622,0.3778493,"Wednesday. The name of the third person in the group, not the day.","Wednesday. The name of the third person in the group, not the day."
9,SP-50,A magician had a water glass that was filled to the top. Holding the glass above his head he let it drop to the carpet without spilling a single drop of water. How could he manage to drop the glass from a height of six feet and not spill any water?,"A full water glass was in the hands of the magician. Without spilling a single drop of water, he held the glass above his head and allowed it to fall to the carpet. How did he accomplish dropping the glass from a height of six feet without any water spilling?",0.9245898127555847,0.75455564,0.28590864,Surface tension prevents water from spilling.,"The glass was filled, but not with water."
9,SP-51,"Craig died in Florida. Shortly after, Tracy died at sea. Nobody mourned, In fact, everyone was absolute delighted. Why?","Craig passed away there. Tracy passed away at sea shortly after. No one was sad; in fact, everyone was ecstatic. Why?",0.9093431830406189,0.9046625,0.037736148,They were both hurricanes.,They were both hurricanes.
9,SP-52,Morgan was making apricot jam. She put all the apricots in the pot and stirred them up. Then she remembered she had to add 1 ounce of lemon juice for every two apricots! How did she figure out how much lemon juice to put?,Apricot Jam was being made by Morgan. She stirred the apricots in the pot after adding them all. It was then that she realized she needed to add 1 ounce of lemon juice for every 2 apricots! How did she calculate the appropriate amount of lemon juice?,0.9111961126327515,0.8654146,0.08771631,She counted the pits of apricots.,She counted the pits of apricots.
9,SP-53,"A woman who lives in new york legally married three men, she did not get divorce, get an enrollment, or legally seperate. How is this possible?","A woman who lives in New York legally wed three men; she didn't get divorced, enroll, or separate from them in any other way. How is that even possible?",0.9077898859977722,0.8426588,0.06797987,The woman is not a good person.,She is a minister.
10,SP-54,George was cleaning the windows on the eighteenth floor of an office block when there was a massive power failure. The electric hoist on his platform was immoblized. So how did he manage to get down before the power was restored?,"When there was a severe power outage, George was on the eighth floor of an office building cleaning the windows. He had disabled the electric hoist on his platform. So how did he escape before the power was turned back on?",0.9053426384925842,0.9034362,0.15652335,George get to the roof and escape.,George walked down the stairs. He was cleaning the inside of the windows.
10,SP-55,"A man buys a rope from a woman for $3.00 and hands the woman a $10 bill. The woman goes into the grocery store next door to get change. She returns and gives the man $7.00. After the man leaves, the clerk from the store comes and says, ""Hey, that was a counterfeit bill you gave me."" The woman gives the clerk a good bill. How much has the woman lost?","A man gives a woman a $10 bill and pays her $3 for a rope. To get change, the woman enters the grocery store right next door. When she comes back, she gives the man $7. Hey, that was a counterfeit bill you gave me, the store clerk says as the customer leaves. The lady hands the cashier a decent bill. How much has she lost in total?",0.9587296843528748,0.8547982,0.21091855,Seven dollars plus the rope.,Seven dollars plus the rope.
10,SP-55,"A man buys a rope from a woman for $3.00 and hands the woman a $10 bill. The woman goes into the grocery store next door to get change. She returns and gives the man $7.00. After the man leaves, the clerk from the store comes and says, ""Hey, that was a counterfeit bill you gave me."" The woman gives the clerk a good bill. How much has the woman lost?","A woman sells a bottle of perfume to a man for $5.00 and receives a $20 bill from him. She doesn't have change, so she goes to the bakery next door to get it. She comes back and gives the man $15.00. After the man leaves, the baker comes over and says, ""That bill you gave me was counterfeit."" The woman gives the baker a real $20 bill. How much has the woman lost?",0.9185628890991211,0.8433203,0.22570142,Seven dollars plus the rope.,Seven dollars plus the rope.
10,SP-55,"A man gives a woman a $10 bill and pays her $3 for a rope. To get change, the woman enters the grocery store right next door. When she comes back, she gives the man $7. Hey, that was a counterfeit bill you gave me, the store clerk says as the customer leaves. The lady hands the cashier a decent bill. How much has she lost in total?","A woman sells a bottle of perfume to a man for $5.00 and receives a $20 bill from him. She doesn't have change, so she goes to the bakery next door to get it. She comes back and gives the man $15.00. After the man leaves, the baker comes over and says, ""That bill you gave me was counterfeit."" The woman gives the baker a real $20 bill. How much has the woman lost?",0.9080944657325745,0.85819894,0.21152878,Seven dollars plus the rope.,Seven dollars plus the rope.
10,SP-56,Two camels were facing in opposite directions. One was facing due East and one was facing due West. They were in the desert so there was no reflection. How can they manage to see each other without walking around or turning around or moving their heads?,"There were two camels facing in different directions. One was facing directly East, and the other directly West. There was no reflection because they were in the desert. How do they manage to see one another without turning around, moving their heads, or moving around?",0.9743058085441589,0.72628194,0.33179748,The two camels were facing each other the entire time.,The two camels were facing each other the entire time.
10,SP-57,"A sharpshooter hung up his hat and put on a blindfolded. He then walked 100 yards, turned around, and shot a bullet through his hat. The blindfolded was a perfectly good one, completely blocking the man's vision. How did he manage this?","A shooter put his hat away and donned a blindfold. He then made a 100-yard walk, turned around, and shot a bullet in the hat. The man's vision was completely obscured by the effective blindfold. How did he pull this off?",0.8923017978668213,0.82728976,0.10834603,He uses the sound to feel the direction.,He hung his hat on the barrel of his gun.
10,SP-58,"Two cops walked into a room with no windows and found a dead man who obviously hung himself from the ceiling, though they couldn't figure out how. There was no chair beneath him that he might have jumped off of, or a table. Just a paddle of water. How'd he do it?","Two police officers entered a room without any windows and discovered a dead man who had apparently hung himself from the ceiling, though they were unable to determine how. There was no table or chair beneath him from which he could have jumped. merely a water paddle. What was his method?",0.8926748037338257,0.9258427,0.043534696,He positioned himself.,He stood on a block of ice until it melted.
11,SP-61,A truck driver went three blocks the wrong way down a one-way street without breaking the law. How come?,"Without breaking the law, a truck driver went three blocks down a one-way street. Why is that?",0.9511603116989136,0.930615,-0.04900311,He tried to get away from the police.,The truck driver was walking.
11,SP-62,Nolan is outside a shop. She can not read the signs but she knows she needs to go in to make a purchase. What store is she at?,"Nolan is in front of a store. She is unable to read the signs, but she is aware that she must enter in order to make a purchase. Where in the store is she?",0.9314190149307251,0.85248476,0.0043418407,Eye glasses store.,Eye glasses store.
11,SP-63,"Which would see most clearly in total darkness? A bat, a tiger, or an owl.","Which could see the best in complete darkness? a tiger, a bat, or an owl.",0.9205560684204102,0.89590704,0.11025995,Owl.,None of above.
11,SP-65,"A woman went to visit her bank manager and she took her young daughter with her. The bank manager said that the woman's daughter could stay with his secretary during the meeting. When the woman and her daughter left, the secretary turned to the other secretary and said to her, ""That little girl was my daughter."" How could that be?","A woman took her young daughter with her when she went to see her bank manager. The bank manager permitted the woman's daughter to spend the meeting with his secretary. The secretary turned to the other secretary after the woman and her daughter left and told her, ""That little girl was my daughter."" How is that possible?",0.9588608145713806,0.7889503,0.24491774,The girl has two mothers.,The secretary was the girl's father.
12,SP-66,"Maria and Juliana went out for drinks together. They ordered the same drink. Juliana was really thirsty and finished five in the time it took Maria to finish one. The drinks were poisoned, but only Maria died. How?","Juliana and Maria went out for drinks collectively. They placed a joint drink order. In the time it took Maria to finish one, Juliana, who was extremely thirsty, finished five. Only Maria perished despite the drinks being poisoned. How?",0.9706915020942688,0.83346844,0.22430599,The poison need time to dissolve.,The poison was in the ice.
12,SP-66,"Maria and Juliana went out for drinks together. They ordered the same drink. Juliana was really thirsty and finished five in the time it took Maria to finish one. The drinks were poisoned, but only Maria died. How?","Juliana and Maria went out for drinks collectively. They placed a joint drink order. In the time it took Maria to finish one, Juliana, who was extremely thirsty, finished five. Then Juliana went out for a phone call and came back several minutes later. However, there were new liquid in the five finished drinks. Maria didn't leap her drink to Juliana's and no one is around. How is that possible?",0.854823648929596,0.8284633,0.24219897,The poison need time to dissolve.,The poison was in the ice.
12,SP-66,"Juliana and Maria went out for drinks collectively. They placed a joint drink order. In the time it took Maria to finish one, Juliana, who was extremely thirsty, finished five. Only Maria perished despite the drinks being poisoned. How?","Juliana and Maria went out for drinks collectively. They placed a joint drink order. In the time it took Maria to finish one, Juliana, who was extremely thirsty, finished five. Then Juliana went out for a phone call and came back several minutes later. However, there were new liquid in the five finished drinks. Maria didn't leap her drink to Juliana's and no one is around. How is that possible?",0.8821073770523071,0.84766656,0.14402354,The poison is unfunctional when you drink them together.,The poison was in the ice.
12,SP-67,"I left my campsite and hired south for 3 miles. Then I turned east and hired for 3 miles. I then turned north and hired for 3 miles, at which time I came upon a bear inside my tent eating my food! What color was the bear?
","I departed my campsite and traveled 3 miles to the south. I then made an eastward turn and traveled 3 miles. After 3 miles of heading north, I turned around and saw a bear eating inside my tent! The bear was what color?",0.91889488697052,0.8866144,-0.061580107,Brown.,"White.
"
13,SP-71,Mrs. Adams tells her neighbor that her son turns 16 today and that next birthday he'll be 20. How can that be?,Mrs. Adams informs her next-door neighbor that her son is turning 16 today and will turn 20 on his next birthday. How is that possible?,0.9393846392631531,0.7751035,0.1173016,"He was born on February 29.
","He was born on February 29.
"
13,SP-74,"A man stands on one side of a river, his dog on the other. The man calls his dog, who immediately crosses the river without getting wet and without using a bridge or a boat. How did the dog do it?","A man and his dog are both standing on opposite sides of a river. The guy summons his dog, who quickly crosses the river without getting wet. There were no bridges or boats. What was the dog's secret?",0.8711573481559753,0.80812293,0.16496435,The dog jumped half-mile far and get to the man.,The river was frozen.
13,SP-75,"A woman is sitting in her hotel room and hears a knock at the door. She opens the door to see a man whom she's never met before. He says, ""I'm sorry, I have made a mistake, I thought this was my room."" He then goes down the corridor and into the elevator. The woman goes back into her room and calls security. What made the woman so suspicious of the man?
","A knock on the door is heard by the woman while she is seated in her hotel room. When she opens the door, she is greeted by a stranger. I'm sorry, I made a mistake; I thought this was my room, he apologizes. He then exits the elevator and walks down the hall. The woman returns to her room and makes a security call. What gave the woman cause to be so wary of the man?",0.91080242395401,0.73685104,0.2870769,The woman thought the man is rude.,"If he really thought it was his hotel room, he would have tried to open the door not knock on it first.
"
13,SP-76,"In a one-story house at the corner of the road, the bedrooms were yellow, the kitchen was orange, the living room was red, the garage was blue, the entry hall was green and the sitting room was purple. What color were the stairs?
","A one-story home at the intersection of the street had bedrooms painted yellow, a kitchen painted orange, a living room painted red, a garage painted blue, an entryway painted green, and a sitting room painted purple. Which color did the stairs have?",0.8975812196731567,0.94083303,-0.06648512,Yellow.,None of above.
13,SP-77,"Sally lives in a place where six months of the year is mild summer and the temperature drops significantly the other six months. She owns a lake where there is a small island. She wants to build a house on the island and needs to get materials there. She doesn't have a boat, plane, or anything to transport them to the island. How does Sally solve this problem?
","Sally lives in an area with a warm summer for six months of the year and a harsh winter for the other six. She has a lake with a tiny island in it. She needs to transport supplies to the island since she wants to build a house there. She lacks a boat, an aircraft, or any other means of transportation to get them to the island. How does Sally deal with this issue?",0.928206205368042,0.7048856,0.2679217,"She waits to take the materials over during the colder months because the lake will freeze over, so she can walk over it.","She waits to take the materials over during the colder months because the lake will freeze over, so she can walk over it."
14,SP-80,"What word would you use to describe a man who does not have all his fingers on one hand?
",What adjective best describes a man without all of his fingers on one hand?,0.8742094039916992,0.9492081,0.12386337,Digitally handicapped.,None of above.
14,SP-81,"How did the boy kick his soccer ball ten feet, and then have it come back to him on its own?
","How did the young youngster kick his soccer ball 10 feet, and it miraculously returned to him?",0.9068307876586914,0.9060401,-0.0049227476,The wind is so strong that the ball doesn't fly so far.,"He kicked it up.
"
14,SP-82,"Two mothers and two daughters went out to eat, everyone ate one slice of pizza, yet only three slices were eaten. How's that possible?
","When two moms and two daughters went out to dine, just three slices of pizza were consumed. What makes that possible?",0.8961414694786072,0.82350844,0.097362444,"The group included a grandmother, her daughter and her daughter's daughter.","The group included a grandmother, her daughter and her daughter's daughter."
14,SP-83,"A man dressed in all black is walking down a country lane. Suddenly, a large black car with no lights on comes around the corner and speeches to a halt. How did the car's driver know he was there?","A guy is strolling down a rural way while wearing nothing but black. Unexpectedly, a big, dark automobile turns the corner without any lights on and stops abruptly. How did the driver of the automobile know that he was there?",0.9097190499305725,0.8912113,-0.0047485232,The driver was paying much attention.,"It was day time.
"
14,SP-84,Why are 1968 pennies worth more than 1967 pennies?,Why is the value of 1968 pennies higher than 1967 pennies?,0.9340561628341675,0.742732,0.35474128,"Because there is one more penny in 1968 pennies than in 1967 pennies
","Because there is one more penny in 1968 pennies than in 1967 pennies
"
15,SP-85,"You are driving a bus. When you begin your route, there is an old woman named Mrs. Smith and a young boy named Raymond are on the bus. At the first stop, the old woman leaves, and a salesman, named Ed, enters. At the next stop, Jack and his sister Jill get on, as well as three women with shopping bags. The bus travels fifteen minutes, then stops and Raymond gets off and a man and his wife get on. Next, a woman with a bird in a cage gets on the bus. Who is bus driver?
","You are a bus driver. Mrs. Smith, an elderly woman, and Raymond, a small child, are on the bus when you start your journey. The elderly woman exits at the first stop, and Ed, a salesperson, enters. At the following stop, three women carrying shopping bags board the bus along with Jack and his sister Jill. After fifteen minutes of riding, the bus stops, Raymond gets off, and a guy and his wife board. A woman then boards the bus while carrying a caged bird. Who is the bus driver?
",0.9428645968437195,0.8263021,-0.023237348,Mrs. Smith.,None of above.
15,SP-86,"How much dirt is there in a hole that is 3 feet deep, 6 feet long, and 4 feet wide?
","In a hole that is 6 feet long, 4 feet wide, and 3 feet deep, how much dirt is there?",0.9763813018798828,0.7980116,0.23640007,12 feet squares.,None of above.
15,SP-87,How can you lift an elephant with one hand?,How to carry an elephant on one hand?,0.9178726077079773,0.94070446,-0.13187733,Crane.,None of above.
15,SP-88,"Name the most recent year in which New Year's came before Christmas.
",What was the most recent year when New Year's arrive before Christmas?,0.9208695888519287,0.94594204,-0.037010863,Last year.,"This year. 
"
15,SP-88,"Name the most recent year in which New Year's came before Christmas.
",Which year in the history that New Year's arrive before Christmas?,0.899561882019043,0.94594204,-0.037010863,Last year.,"This year. 
"
15,SP-88,What was the most recent year when New Year's arrive before Christmas?,Which year in the history that New Year's arrive before Christmas?,0.925873875617981,0.8737024,0.12677327,Last year.,"This year. 
"
15,SP-89,"If the vice president were to die, who is supposed to be president?",Who would take office as president if the vice president passed away?,0.8623912930488586,0.9061663,0.036895186,The Cabinet members.,The President.
16,SP-91,"Some months have eight letters in their name, whereas others have five. How many have three?
","Some months' names contain eight letters, while others only contain five. Which month has three?",0.9266481399536133,1.0,-0.019431889,June.,They all do.
16,SP-92,"Sandy claims she saw an ocean without water, and it turns out, she was being honest. How is that possible?
","It turns out that Sandy was being truthful when she said she had seen an ocean devoid of water. How is it even doable?
",0.9205874800682068,0.8162833,0.14729774,The whether is too hot that vaporates all water.,The ocean is on a map.
16,SP-93,"While a cat was outside, it started to downpour. The cat couldn’t find any shelter and got completely soaked by the rain, yet not a single hair was wet. How could this be?","A cat was outside when it began to rain. Even though the cat was thoroughly saturated by the rain and had nowhere to hide from it, not a single hair was wet. How is this possible?",0.9338191747665405,0.903359,0.16500443,The cat succeeded in avoiding all rain drops.,It was a hairless cat.
16,SP-94,"Two men had to go to the south side of the river, the river is pretty wide and rapid. There is one boat, but only one person fits on it. Lucky they both got to the south side of the river. How? ","There is only one boat, yet only one person can fit on it. The river is pretty wide and rapid. Fortunately, they both get to south side of the river. How? ",0.8886590600013733,0.90547395,0.11562556,One person already at the south side of the river.,One person already at the south side of the river.
17,SP-96,There are 8 brothers. Brother 1 is playing checkers. Brother 2 is eating. Brother 3 is watching video games. Brother 4 is dancing. Brother 5 is texting. Brother 6 is at school. Brother 7 is sleeping. What is Brother 8 doing?,8 brothers are present. Chess is being played by Brother 1. Brother 2 is chowing down. The third brother is playing video games. 4th Brother is jiving. Brother 5 is sending an SMS. Brother No. 6 is in class. Brother 7 is sound asleep. Who or what is Brother 8?,0.8614022731781006,0.80119807,0.16856241,Brother 8 is sleeping.,Brother 8 is playing checkers.
17,SP-97,"There lived a man in a house and every time he went to bed he turned on the light. One night, the man forgot to turn on the light. The next day he read the paper and sinking into deep self-blame. Why? ","In a home where he resided, the man always lit the room before bed. The man neglected to switch on the light one evening. He read the newspaper the following day and sinking into deep self-blame. Why? ",0.8757222890853882,0.71895826,0.22595471,The man lived in a lighthouse. He forgot to turn on the light and a ship crashed.,The man lived in a lighthouse. He forgot to turn on the light and a ship crashed.
17,SP-98,"David's birthday is in December, but it is never in the winter. Why? ","Despite being in December, David's birthday is never in the winter. Why? ",0.9704529047012329,0.9613044,0.0077070296,He alwasy gets cold in winter.,He lives in Australia.
17,SP-99,"Two teams were playing soccer against each other. One player from Team One scored a hat trick (triple goal). Their teammates were very happy. But when he scored the fourth goal, their teammates scolded him instead. How could this be possible?","Soccer was being played between two teams. Team One had a player score a hat trick (triple goal). Their comrades rejoiced greatly. However, after he scored the fourth goal, his teammates reprimanded him. How is this even conceivable?",0.8799415230751038,0.89128834,0.09269643,The player scored in their own goal.,The player scored in their own goal.
17,SP-100,"Two girls have the same parents and were born at the same hour of the same day of the same month, but they are not twins. How can this be possible?","The same parents gave birth to two girls at the same time on the same day in the same month, but they are not twins. Why is this even a possibility?",0.8543397784233093,0.74910975,0.20500106,"One gril has father's last name, one girl has mother's last name.",They were not born in the same year.
18,SP-101,"A man is walking along the sea beach. To his surprise, he can clearly see his own footstep without turning back. How is that possible?","Walking along the seashore is a man. Without turning around, he is surprised to see his own footstep clearly. How is that even doable?",0.8974104523658752,0.7275892,0.2647409,The reflection by the sea let him saw the footsetp.,He is walking backward.
18,SP-102,"Three people are stuck inside a dark cave. The first fears the complete darkness, the second fears bats, and the third fears getting lost. They don't have any flashlights, lanterns or any kind of light source, and their cell phones have no signal so they can't use them as a light source either. How do they get out of the cave?","In a pitch-black cave, three individuals are imprisoned. The first is terrified of total darkness, the second is terrified of bats, and the third is terrified of becoming lost. They lack any form of light source, including flashlights, lanterns, and mobile phones, which they cannot use as a light source since they have no signal. How are they going to escape the cave?",0.8998540043830872,0.8498047,0.13354701,They run over around the whole cave and find the way out.,They can just walk out as it's daytime outside the cave.
18,SP-103,"A woman living in London, has four sons. All of them are doctors, but none of them ever attended medical school. How is this possible?","A mom with four boys resides in London. Despite the fact that they are all doctors, none of them ever attended medical school. How is it even possible?",0.8902952671051025,0.69202596,0.42189324,"The woman's sons are all ""doctors"" in the academic sense ","The woman's sons are all ""doctors"" in the academic sense "
18,SP-105,"I buried a stone in the ground, and it grew and produced fruit. How is this possible?","I planted a stone, and it sprouted leaves and fruit. How is that even possible?",0.8706143498420715,0.8324426,0.14882182,"The stone was actually a seed, not an ordinary stone. The seed of a cherry is called a stone.","The stone was actually a seed, not an ordinary stone. The seed of a cherry is called a stone."
19,SP-106,An electric train is going south at 98 mph. The wind is blowing northeast. Which direction is the smoke blowing?,"At 98 mph, an electric train is traveling south. There is a northeast wind. Where is the smoke coming from?",0.9215246438980103,0.97345346,-0.12619051,West.,None of above.
19,SP-107,"There was a farmer who had a problem with his chicken coop, and he wanted to go check it out. When he got there he noticed that there was a rooster on top of the barn. Now the barn was shaped with a triangle-type top. But suddenly the rooster laid an egg. Which side did it roll on?","There was a farmer who wanted to go investigate a problem with his chicken coop. As soon as he arrived, he saw a rooster perched atop the barn. Now the barn had a top that resembled a triangle. However, the rooster unexpectedly laid an egg. How did it roll on that side?",0.9290911555290222,0.7133952,0.34801328,It is possible the egg would roll down the middle of the triangle-shaped top of the barn.,It didn't because rosters don't lay eggs.
19,SP-108,"There is a pink single-story house and everything in it is pink. The doors are pink, the windows are pink and the top is pink. What color are the stairs?","The entire single-story home is pink, including the outside. The windows, the top, and the doors are all pink. What are the stair's colors?",0.9021649956703186,0.748401,0.23542477,There are no stairs in a single story house.,There are no stairs in a single story house.
19,SP-109,"Two fathers and two sons went fishing one day. They were there the whole day and only caught 3 fish. One father said, that is enough for all of us, we will have one each. How can this be possible?","One day, two dads and two sons went fishing. They were there all day and barely caught three fish. One father stated, ""That is enough for all of us; we will each have one."" How is this possible?",0.9522286057472229,0.6967708,0.35821784,"There was the father, his son, and his son's son.","There was the father, his son, and his son's son."
19,SP-110,"A bus driver was heading down a street in Colorado. He went right past a stop sign without stopping, he turned left where there was a ""no left turn"" sign, and he went the wrong way on a one-way street. Then he went on the left side of the road past a cop car. Still - he didn't break any traffic laws. Why not?","A bus driver was driving along a Colorado roadway. He drove straight through a stop sign, turned left when there was a ""no left turn"" sign, and traveled the opposite way on a one-way street. He then drove on the left side of the road, passing a police cruiser. Nonetheless, he did not violate any traffic laws. So why not?",0.9494280219078064,0.9122897,0.059512585,There was no police in that cop car.,He was walking.
20,SP-111,"A pet shop owner had a parrot with a sign on its cage that said ""Parrot repeats everything it hears"". Davey bought the parrot and for two weeks he spoke to it and it didn't say a word. He returned the parrot but the shopkeeper said he never lied about the parrot. How can this be?","A pet store owner had a parrot with the sign ""Parrot repeats everything it hears"" on its cage. Davey bought the parrot and chatted to it for two weeks without it saying anything. He returned the parrot, but the shopkeeper said he had never lied about it. How is this possible?",0.9432361125946045,0.7887902,0.3311668,The parrot was deaf.,The parrot was deaf.
20,SP-112,How can you leave a room with two legs and return with six legs?,How can you leave a room with two legs and return with six legs?,1.0000001192092896,0.89746547,0.1025874,Bring a chair back with you.,Bring a chair back with you.
20,SP-113,"Some months have 30 days, some months have 31 days. How many have 28?","Some months have 30 days, while others have 31. How many people have 28?",0.9511774182319641,0.83697873,0.034765482,"One, February.",They all do.
20,SP-115,A man was just doing his job when his suit was torn. Why did he die three minutes later?,A guy was just going about his business when his suit was ripped. Why did he pass away three minutes later?,0.8803209662437439,0.7399211,0.1941621,"He never ruin clothes before. His heart couldn't handle the stress, leading to his unfortunate demise.","He was an astronaut on a space walk, doing repairs."
21,SP-116,How can you physically stand behind your friend as he physically stands behind you?,How can you stand physically behind your friend while he stands physically behind you?,0.9878318309783936,0.8771353,0.11724439,With the help of optical illusions.,By standing back to back.
21,SP-118,"All the electricity was out in town and none of the street lights or traffic signals had power. A dark limousine was cruising down the newly paved blacktop, with its headlights off. A young boy dressed totally in black (with no reflector) stepped out to cross the street. The moon wasn't out and the boy had no flashlight, yet the driver stopped to let the boy cross the street. How did the driver see the boy?","There was no power in town, and none of the street lights or traffic signals worked. A dark limousine sped down the recently laid blacktop, headlights turned off. A little youngster in complete black (no reflectors) went out to cross the roadway. Despite the fact that the moon was not out and the youngster had no flashlight, the motorist stopped to let the boy to cross the street. How did the driver notice the youngster?",0.9650520086288452,0.8516343,0.19399107,The driver saw the boy because it was during the daylight hours.,The driver saw the boy because it was during the daylight hours.
21,SP-119,"Four cars come to a four way stop, all coming from a different direction. They can't decide who got there first, so they all go forward at the same time. They do not crash into each other, but all four cars go. How is this possible?","Four automobiles, each approaching from a separate direction, arrive to a four-way stop. They can't decide who arrived first, so they all proceed at the same time. They do not collide, but all four automobiles are destroyed. What makes this possible?",0.8915393948554993,0.83380365,0.2545779,Their cars have different heights that can drive beyond each other.,They all made right-hand turns.
21,SP-124,A man was born in 1898. He is still alive now at the age 33  How is this possible ?,"In 1898, a guy was born. He is still living at the age of 33.  How is this even possible?",0.8586004376411438,0.8039205,0.15364328,he was born in room 1898 in the hospital.,he was born in room 1898 in the hospital.
21,SP-125,"A man is late for an appointment and, in his haste, takes a corner so fast that only two wheels were on the pavement. A policeman is standing on the corner, but he did not give him a ticket. Why?","A man is late for an appointment and takes a bend so quickly that just two wheels are on the pavement. A cop is waiting on the corner, but he hasn't issued him a ticket. Why?",0.8970720171928406,0.8777999,0.09392634,The policeman was superised by his driving skill.,He was on a motorcycle.
22,SP-126,"Four men sat down to play, They played all night till the break of day. They played for gold and not for fun, With separate scores for every one. When they had come to square accounts, They all had made quite fair amounts. Can you explain the paradox, If no one lost, how all could gain?","Four men sat down to play, and they played all night until the sun came up. They played for gold, not for pleasure, with individual scores for everyone. They had all earned good money when it came to square accounts. Can you explain the paradox: If no one loses, how can everyone win?",0.9308730363845825,0.95039684,0.077675104,The men were pokers..,The men were musicians..
22,SP-127,"Imagine Johnny, a party clown, is carrying three pieces of gold each piece weighing one kilogram. While taking a walk he comes to a bridge that has a sign posted saying the bridge could hold only a maximum of 80 kilograms. John weighs 78 kilograms and the gold weighs three kilograms. Johnny reads the sign and still safely crossed the bridge with all the gold. How did he manage this?","Imagine Johnny, a party clown, is clutching three gold coins, each weighing one kilogram. While walking, he comes upon a bridge with a sign stating that it can only handle a maximum of 80 kilos. The gold weighs three kilos and John weighs 78 pounds. Johnny reads the notice and crosses the bridge safely with all of the riches. How did he pull it off?",0.9602376222610474,0.72717583,0.2955978,"Johnny is a clown so he has mastered juggling. When he came to the bridge he judged the gold, always keeping one piece in the air.","Johnny is a clown so he has mastered juggling. When he came to the bridge he judged the gold, always keeping one piece in the air."
22,SP-128,"Monica took part in a furiously competitive race, which she won due to her speed and agility. Despite this, she was not allowed to collect the winning trophy. Why?","Monica competed in a very competitive race, which she won thanks to her speed and agility. Despite this, she was not permitted to accept the winning trophy. Why?",0.9738491177558899,0.7688341,0.23289183,Monica could not lift the trophy because it was too heavy.,Monica is the name of the horse that won the race.
22,SP-129,"A woman was horrified to find a fly in her tea. The waiter took her cup and went into the kitchen and returned with a fresh cup of tea. She shouted, ""You brought me the same tea!"" How did she know?","A woman was shocked to see a fly in her tea. The server grabbed her cup and walked into the kitchen, returning with a new cup of tea. ""You brought me the same tea!"" she exclaimed. How did she find out?",0.9403980374336243,0.82702786,0.16275944,"When she stirred the tea, the whirlpool it created was spinning in the same direction as the original cup of tea.",She had already put sugar in it and when she tasted the new tea it was already sweet.
22,SP-130,"In 1990, a person is 15 years old. In 1995 that same person is 10 years old. How is this possible?",A person is 15 years old in 1990. That same person is ten years old in 1995. What makes this possible?,0.9453794360160828,0.67978555,0.3286835,The genes in person is unnormal as others.,The years are in B.C.
23,SP-131,"Bouncing Bob was riding a particularly risky horse when suddenly its bridge came off. As they raced down the road, a screaming Bob lung to the horse's ears for dear life. Out of the corner of his eye, Bob saw a car coming, and realizing the horse was completely out of control, he panicked. Failing his arms about, he accidentally caused the horse to come to an abrupt halt. What could Bouncing Bob have done to make the horse stop?",Bouncing Bob was riding a very dangerous horse when its bridge suddenly collapsed. A screaming Bob sprang for the horse's ears as they sped down the road. Bob spotted a vehicle approaching out of the corner of his eye and worried when he realized the horse was entirely out of control. He unintentionally brought the horse to a standstill by flailing his arms around. What might Bouncing Bob have done to bring the horse to a halt?,0.9573978781700134,0.62555754,0.40719485,Bob accidentally pulled on the horse's tail. Horses are sensitive to their tail being pulled and would naturally stop when it happens.,Bob accidentally put his hands over the horse's eyes. If a horse can't see he will automatically stop.
23,SP-132,"A large truck is crossing a bridge 1 mile long. The bridge can only hold 14000 lbs, which is the exact weight of the truck. The truck makes it half way across the bridge and stops. A bird lands on the truck, but the bridge doesn't collapse. How is that possible?","A huge truck is crossing a mile-long bridge. The bridge can only support 14000 pounds, which is the weight of the vehicle. The vehicle gets it halfway across the bridge before coming to a halt. The bridge does not collapse because a bird lands on it. How is this even possible?",0.9571537971496582,0.660864,0.41524515,The bird's weight is too little that won't affect the bridge to collapse.,Because it has driven a half mile - you would subtract the gas used from the total weight of the truck.
23,SP-133,"A store has on sale a computer and word processor small enough to fit in your pocket. It can add, multiply, subtract, divide, and write in all languages. A delete device will correct any error. No electricity is required to operate it. The price? Only a few cents! How can the store make a profit by selling it so cheap?","A computer and word processor tiny enough to fit in your pocket are available for purchase at a shop. In all languages, it can add, multiply, subtract, divide, and write. Any error will be corrected by a delete device. It does not require any electricity to function. What is the cost? It's only a few pennies! How can the store earn a profit when it sells it so cheaply?",0.9243384599685669,0.7640103,0.26643175,The store had thounsands of computers in warehouse so they decided to start promotions.,The computer is a wooden pencil with an eraser.
23,SP-134,"A man sails off on a cruise between Mexico and the USA. He does not stop at any ports and does not even come out of the cabin, yet he makes $300,000 from his trip. How?","A guy embarks on a voyage between Mexico and the United States. He makes $300,000 from his trip despite not stopping at any ports or even leaving the stateroom. How?",0.9012753963470459,0.8749818,0.1940594,He's a smuggler.,He's a smuggler.
23,SP-135,"Two cars were involved in an accident in the center of town. The man who was driving a little green car, had overtaken a big black car. The driver had misjudged the distance between him and the on-coming traffic and had to serve back in, causing the black car to serve and crash into a shop window. When the occupants of the cars were examined everyone in the green car was okay, but in the black car was one dead man. However, the driver of the green car was not charged with manslaughter, why was this so?","An collision involving two automobiles occurred in the town center. A man driving a small green automobile had passed a large black car. The driver had underestimated the space between himself and oncoming traffic and had to service back in, forcing the black car to serve and crash into a shop window. When the passengers of the automobiles were investigated, everyone in the green car was fine, but there was one dead guy in the black car. Why, though, was the driver of the green automobile not charged with manslaughter?",0.9523887634277344,0.8242472,0.24094617,The black car was an autonomous vehicle and had no living driver or passengers,The black car was a hearse and was on its way to a funeral.
24,SP-136,A horse was tied to a rope 5 meters long and the horses food was 15 meters away from the horse. How did the horse reach the food?,"A horse was tethered to a 5 meter long rope, and the horse's food was 15 meters distant. What path did the horse use to get to the food?",0.9196285009384155,0.58307123,0.53858197,"The rope stretches proportionally, providing the extra length needed for the horse to reach the hay fifteen meters away.",The rope wasn't tied to anything so he could reach the food.
24,SP-137,"A murderer is condemned to death. He has to choose between three rooms. The first is full of raging fires, the second is full of assassins with loaded guns, and the third is full of lions that haven't eaten in 3 years. Which room is safest for him?","A killer has been sentenced to death. He must select one of three rooms. The first is filled with blazing fires, the second with assassins with loaded firearms, and the third with lions that haven't fed in three years. Which room is the most secure for him?",0.9471979141235352,0.75998175,0.33031753,The third. Lions that haven't eaten in three years are dead.,The third. Lions that haven't eaten in three years are dead.
24,SP-138,"There are 2 cops parked along a one-way street looking for traffic violations. They spot a taxi driver going in the wrong direction, yet they do nothing. Why?","Two officers are stationed along a one-way roadway, checking for traffic offenses. They see a taxi driver driving in the wrong direction but do nothing. Why?",0.887528121471405,0.8978113,0.09033379,"The taxi driver wasn't driving at the time, he was walking.","The taxi driver wasn't driving at the time, he was walking."
24,SP-140,There is a bus full of people travelling over San Francisco and no one gets off the bus throughout the journey. But when it gets to the other side there is not a single person left. How is this possible?,"There is a bus full of passengers traveling through San Francisco, and no one gets off the bus. However, when it reaches the opposite side, there isn't a single person remaining. What makes this possible?",0.9332777857780457,0.7995562,0.1762477,The passengers all hid themselves in the rear of the bus.,They are all married.
24,SP-143,"One day, a thirty-story building was on fire. A man jumped out a window and nothing happened to him. Nothing was under him. How is this possible?",A thirty-story skyscraper caught fire one day. Nothing happened to a man who leapt out a window. Nothing was beneath him. What makes this possible?,0.886214017868042,0.87937915,0.015214652,He was strong enough to avoid hurt.,He was first floor.
25,SP-144,"One morning a man is leaving on a business trip and finds he left some paperwork at his office. He runs into his office to get it and the night watchman stops him and says, ""Sir, don't get on the plane. I had a dream last night that the plane would crash and everyone would die!"" The man takes his word and cancels his trip. Sure enough, the plane crashes and everyone dies. The next morning the man gives the watchman a $1,000 reward for saving his life and then fires him. Why did he fire the watchman that saved his life?","When a man leaves for a business trip one morning, he discovers that he left some paperwork at his office. Sir, don't get on the plane, the night watchman commands as he stops him as he runs into his office to retrieve it. Last night, I had a dream that the plane would crash and everyone would perish. He honors his word, and the man decides not to go. As expected, the plane crashes, killing everyone on board. The following morning, the man rewards the watchman with $1,000 for saving his life before dismissing him. Why did he let go of the watchman who kept him alive?",0.9006592035293579,0.79333717,0.13424219,The watchman was fired for not warning the man in advance.,The watchman was fired for sleeping on the job.
25,SP-145,"A man was looking through a 6th floor window,  thought for a minute then jumped,  but did not die or get hurt at all. How?",A man was staring out a sixth-floor window when he decided to jump. He did not perish or get any injuries. How?,0.878002405166626,0.8869299,0.07030091,He was as strong as a superman to avoid hurt.,He jumped in the window. He was outside the window to wash it.
25,SP-148,There are two bodies on the floor. They are surrounded by water and broken glass. How did they die?,Two bodies are on the floor. They're surrounded by water and shattered glass. How did they perish?,0.9387314319610596,0.9243323,0.030641466,They were little children and were scared to death by the sound of breaking glass.,The bodies were goldfish because their fishbowl got knocked over onto the floor and broke.
25,SP-149,"What question can someone ask all day long, always get completely different answers, and yet all the answers could be correct?","What question can someone ask all day and receive radically different responses, yet all of them might be correct?",0.8701026439666748,0.99892855,0.0014192164,What's the square root of 16?,What time is it?
25,SP-150,"Stranger: Does your dog bite? 
Farmer: No. 
All of a sudden the dog bites the stranger on the leg. Yet the farmer was telling the truth! How can this be?","Stranger: Is your dog biting? 
Farmer: No. 
The dog suddenly attacks the stranger on the leg. Nonetheless, the farmer was speaking the truth! How is this possible?",0.9520630836486816,0.80337495,0.23885192,It was not the farmer's dog.,It was not the farmer's dog.
26,SP-151,"Why can't a woman, who is now living in Canada, not be buried in the USA?",Why can't a lady who lives in Canada be buried in the United States?,0.9428808689117432,0.8694596,0.093005955,Because she didn't have a visa.,Because she is still alive.
26,SP-152,"A man grabbed a woman's ring and pulled on it, then dropped it. How did this save her life?",A guy grabbed and yanked on a woman's ring before dropping it. What happened to save her life?,0.9245575666427612,0.8808315,0.09869185,The ring is too heavy that limited woman's daily life.,"They were skydiving, and she was unconscious. "
26,SP-153,"Two women and two doctors walk into an ice cream parlor. They each order an ice cream cone. When their ice cream come, there is only 1 strawberry,1 chocolate and 1 vanilla. How come they didn't complain?","Two women and two doctors enter an ice cream shop. Each of them orders an ice cream cone. When their ice cream arrives, there is just one strawberry, one chocolate, and one vanilla flavor. Why didn't they complain?",0.9650387763977051,0.8948539,0.13639802,"The ice creams are big enough for more than one people, so the shop think they won't complain.",One of the women was a doctor.
26,SP-154,"There are 50 horses and 50 kings riding along an old dirt road. They came to a peach tree with 50 peaches. Each took one, yet there were still 49 left. How is this possible?","Along an old dirt road, 50 kings are mounted on 50 horses. They arrived at a 50-peach tree. Each took one, there were still 49. How is that even possible?",0.9425342082977295,0.8793312,0.15658444,The peach tree grew new peaches when the kings were taking.,Each is the name of one of the kings and he's the only one that took one.
26,SP-155,"Fred is listening to the radio when it suddenly stops playing. Nobody is with Fred and nobody touches the radio. A few seconds later, the radio resumes playing. How can this be?","When the radio abruptly stops playing, Fred is still listening to it. Fred is alone, and no one plays with the radio. After a brief pause, the radio starts up again. How is this possible?",0.9190658926963806,0.89798975,-0.019545734,The car required more electricity to speed up so the radio was cut off.,Fred was driving his car through a tunnel.
27,SP-159,"A man is discovered dead sitting at his desk, alone in the locked office.  He did not commit suicide and there was no weapons in the room. The only clue is a sealed envelope on the desk in front of him.
How did he die?","A guy is found dead at his desk, alone in the closed office.  He did not commit himself, and no weapons were found in the room. A sealed envelope on the desk in front of him is the sole clue.
How did he pass away?",0.9150330424308777,0.80271286,0.18603177,The man died from a severe allergic reaction to the envelope's paper.,"The envelope glue was poisoned and when the man linked the envelope to seal it, he died."
27,SP-160,What question can never be answered with a Yes?,What question can never have a Yes answer?,0.8859550356864929,0.8715226,0.1462169,Are you asleep?,Are you asleep?
27,SP-160,What question can never be answered with a Yes?,"What question can never be answered with a ""no""?",0.8552632331848145,0.8623748,0.15598348,Are you asleep?,Are you asleep?
27,SP-161,"You're in a room and there is a ghost in the room, but you're the only one in the room. How is this possible?","You are in a room with a ghost, but you are the only one in the room. What makes this possible?",0.9460477828979492,0.83134025,0.18006374,You're the ghost.,You're the ghost.
27,SP-162,How many gold coins can a leprechaun throw in an empty pot?,What is the maximum number of gold coins a leprechaun can toss into an empty pot?,0.9490991830825806,0.97267795,0.114198685,Infinite number of gold coins.,"One. After that, it no longer empty."
27,SP-163,"Thomas was caught stealing 27 times in one year, yet he was never arrested. How come?","Despite being caught stealing 27 times in one year, Thomas was never arrested. Why is this so?",0.964227557182312,0.88448834,0.1478669,Stealing is not a serious crime.,Thomas was a baseball player and was stealing bases.
